<?xml version="1.0" encoding="UTF-8"?>
<project-private xmlns="http://www.netbeans.org/ns/project-private/1">
    <editor-bookmarks xmlns="http://www.netbeans.org/ns/editor-bookmarks/2" lastBookmarkId="0"/>
    <open-files xmlns="http://www.netbeans.org/ns/projectui-open-files/2">
        <group>
            <file>file:/home/muhammad/Documents/ProgrammingTech(Assignment1)/FirstTask/src/firsttask/FileHandler.java</file>
            <file>file:/home/muhammad/Documents/ProgrammingTech(Assignment1)/FirstTask/src/firsttask/Circle.java</file>
            <file>file:/home/muhammad/Documents/ProgrammingTech(Assignment1)/FirstTask/src/firsttask/Hexagon.java</file>
            <file>file:/home/muhammad/Documents/ProgrammingTech(Assignment1)/FirstTask/src/firsttask/Shape.java</file>
            <file>file:/home/muhammad/Documents/ProgrammingTech(Assignment1)/FirstTask/src/firsttask/Center.java</file>
            <file>file:/home/muhammad/Documents/ProgrammingTech(Assignment1)/FirstTask/src/firsttask/Main.java</file>
        </group>
    </open-files>
</project-private>
