<?xml version="1.0" encoding="UTF-8"?>
<project-private xmlns="http://www.netbeans.org/ns/project-private/1">
    <editor-bookmarks xmlns="http://www.netbeans.org/ns/editor-bookmarks/2" lastBookmarkId="0"/>
    <open-files xmlns="http://www.netbeans.org/ns/projectui-open-files/2">
        <group>
            <file>file:/home/muhammad/Documents/Maze/Assignmnt3/src/GameEngine.java</file>
            <file>file:/home/muhammad/Documents/Maze/Assignmnt3/src/database.java</file>
            <file>file:/home/muhammad/Documents/Maze/Assignmnt3/src/Darkness.java</file>
            <file>file:/home/muhammad/Documents/Maze/Assignmnt3/src/LabyrinthGUI.java</file>
            <file>file:/home/muhammad/Documents/Maze/Assignmnt3/src/Game.java</file>
            <file>file:/home/muhammad/Documents/Maze/Assignmnt3/src/Player.java</file>
            <file>file:/home/muhammad/Documents/Maze/Assignmnt3/src/Level.java</file>
            <file>file:/home/muhammad/Documents/Maze/Assignmnt3/src/Sprite.java</file>
            <file>file:/home/muhammad/Documents/Maze/Assignmnt3/src/Data.java</file>
            <file>file:/home/muhammad/Documents/Maze/Assignmnt3/src/BlackBoard.java</file>
            <file>file:/home/muhammad/Documents/Maze/Assignmnt3/src/Dragon.java</file>
        </group>
    </open-files>
</project-private>
